Object ID,District,SDID,District Type,Q1: District Response Rate (%),Q1: With Access (%),Q1: Total % w/ No Home Access,Q1: No Access (Affordability)(%),Q1: No Access (Availability)(%),Q3 District Response Rate (%),Q3: Reliable Internet Access (%),Q3: Inconsistent Access (%),Q3: Non-Existent Access (%),,Statewide Averages:,,,Statewide Medians:,,,Survey Questions,Internet Access at Home Survey
1,Abbotsford,7,Unified,61.36%,88.12%,11.88%,18.33%,71.67%,58.57%,64.73%,24.48%,10.79%,,Q1: District Response Rate (%),56.35%,,Q1: District Response Rate (%),73.63%,,Q1: Can the student access the internet on their primary learning device at home?,
2,Adams-Friendship Area,14,Unified,78.66%,96.07%,3.93%,34.88%,53.49%,75.22%,70.96%,27.03%,2.01%,,Q1: With Access (%),95.61%,,Q1: With Access (%),97.09%,,Responses:,
3,Albany,63,Unified,84.51%,92.43%,7.57%,21.05%,52.63%,84.51%,70.92%,23.51%,5.58%,,Q1: No Home Access (%),4.39%,,Q1: No Home Access (%),2.92%,,Yes,
4,Algoma,70,Unified,0.00%,,,,,0.00%,,,,,Q1: No Access (Affordability)(%),31.34%,,Q1: No Access (Affordability)(%),30.00%,,No- Not Available,
5,Alma,84,Unified,83.06%,97.09%,2.91%,0.00%,83.33%,82.26%,63.24%,29.41%,7.35%,,Q1: No Access (Availability)(%),48.51%,,Q1: No Access (Availability)(%),50.00%,,No-Not Affordable,
6,Alma Center,91,Unified,81.12%,94.97%,5.03%,58.33%,33.33%,77.04%,58.94%,36.87%,4.19%,,Q3 District Response Rate (%),54.55%,,Q3 District Response Rate (%),70.62%,,No-Other,
7,Almond-Bancroft,105,Unified,85.32%,89.91%,10.09%,41.18%,52.94%,83.54%,69.70%,21.52%,8.79%,,Q3: Reliable Internet Access (%),73.14%,,Q3: Reliable Internet Access (%),76.33%,,,
8,Altoona,112,Unified,82.41%,97.69%,2.31%,61.11%,33.33%,80.45%,90.15%,9.32%,0.53%,,Q3: Inconsistent Access (%),22.75%,,Q3: Inconsistent Access (%),21.23%,,Q3: Can the student stream a video on their primary learning device without interruption?,
9,Amery,119,Unified,30.35%,92.86%,7.14%,62.50%,15.63%,30.35%,38.84%,50.67%,10.49%,,Q3: Non-Existent Access (%),3.50%,,Q3: Non-Existent Access (%),1.94%,,Yes- No issues,
10,Antigo Unified,140,Unified,32.89%,91.79%,8.21%,38.60%,57.89%,32.89%,60.81%,32.56%,6.63%,,,,,,,,Yes- But not consistent,
11,Appleton Area,147,Unified,63.59%,97.42%,2.58%,43.97%,48.64%,63.59%,82.50%,15.26%,2.24%,,,,,,,,No,
12,Arcadia,154,Unified,98.24%,94.00%,6.00%,16.88%,61.04%,98.24%,80.59%,12.31%,7.09%,,,,,,,,,
13,Argyle,161,Unified,93.13%,94.46%,5.54%,6.67%,73.33%,87.63%,65.49%,31.76%,2.75%,,,,,,,,,
14,Arrowhead UHS,2450,Secondary,89.77%,99.95%,0.05%,0.00%,0.00%,89.05%,87.44%,12.40%,0.16%,,,,,,,,,
15,Ashland,170,Unified,68.60%,91.71%,8.29%,9.01%,71.17%,63.73%,68.81%,28.70%,2.49%,,,,,,,,,
16,Ashwaubenon,182,Unified,0.00%,,,,,0.00%,,,,,,,,,,,,
17,Athens,196,Unified,0.67%,100.00%,0.00%,0.00%,0.00%,0.67%,100.00%,0.00%,0.00%,,,,,,,,,
18,Auburndale,203,Unified,30.41%,98.40%,1.60%,100.00%,0.00%,30.41%,37.60%,59.60%,2.80%,,,,,,,,,
19,Augusta,217,Unified,0.00%,,,,,0.00%,,,,,,,,,,,,
20,Baldwin-Woodville Area,231,Unified,82.40%,97.99%,2.01%,27.59%,41.38%,80.86%,77.46%,21.27%,1.27%,,,,,,,,,
21,Bangor,245,Unified,47.35%,96.95%,3.05%,22.22%,22.22%,45.91%,63.64%,32.52%,3.85%,,,,,,,,,
22,Baraboo,280,Unified,81.93%,96.94%,3.06%,48.61%,45.83%,81.93%,78.67%,18.87%,2.46%,,,,,,,,,
23,Barneveld,287,Unified,0.00%,,,,,0.00%,,,,,,,,,,,,
24,Barron Area,308,Unified,99.14%,95.23%,4.77%,30.91%,58.18%,99.14%,81.86%,14.58%,3.56%,,,,,,,,,
25,Bayfield,315,Unified,22.41%,100.00%,0.00%,0.00%,0.00%,22.41%,41.94%,56.99%,1.08%,,,,,,,,,
26,Beaver Dam Unified,336,Unified,84.27%,96.69%,3.31%,23.66%,46.24%,80.82%,84.00%,15.34%,0.67%,,,,,,,,,
27,Beecher-Dunbar-Pembine,4263,Unified,68.18%,84.85%,15.15%,44.00%,48.00%,57.85%,57.86%,41.43%,0.71%,,,,,,,,,
28,Belleville,350,Unified,95.19%,96.86%,3.14%,3.57%,78.57%,91.99%,78.28%,21.14%,0.58%,,,,,,,,,
29,Belmont Community,364,Unified,0.00%,,,,,0.00%,,,,,,,,,,,,
30,Beloit,413,Unified,74.22%,97.71%,2.29%,41.41%,50.51%,72.35%,80.62%,16.82%,2.56%,,,,,,,,,
31,Beloit Turner,422,Unified,93.24%,98.38%,1.62%,8.00%,72.00%,91.73%,85.45%,13.63%,0.92%,,,,,,,,,
32,Benton,427,Unified,96.79%,94.31%,5.69%,58.33%,25.00%,91.74%,86.00%,12.00%,2.00%,,,,,,,,,
33,Berlin Area,434,Unified,63.52%,95.99%,4.01%,5.41%,51.35%,63.52%,74.65%,21.78%,3.58%,,,,,,,,,
34,Big Foot UHS,6013,Secondary,59.06%,98.62%,1.38%,0.00%,100.00%,58.86%,78.20%,19.03%,2.77%,,,,,,,,,
35,Birchwood,441,Unified,37.54%,96.36%,3.64%,100.00%,0.00%,37.54%,59.09%,34.55%,6.36%,,,,,,,,,
36,Black Hawk,2240,Unified,4.07%,86.67%,13.33%,100.00%,0.00%,3.25%,41.67%,58.33%,0.00%,,,,,,,,,
37,Black River Falls,476,Unified,63.01%,97.08%,2.92%,30.00%,53.33%,61.18%,71.57%,27.33%,1.10%,,,,,,,,,
38,Blair-Taylor,485,Unified,88.30%,89.40%,10.60%,28.33%,51.67%,79.10%,65.09%,29.98%,4.93%,,,,,,,,,
39,Bloomer,497,Unified,89.05%,97.45%,2.55%,34.48%,48.28%,86.16%,82.49%,15.52%,2.00%,,,,,,,,,
40,Bonduel,602,Unified,85.85%,92.66%,7.34%,24.44%,64.44%,79.69%,55.71%,39.89%,4.39%,,,,,,,,,
41,Boscobel Area,609,Unified,94.26%,92.49%,7.51%,35.85%,35.85%,87.45%,64.43%,32.06%,3.51%,,,,,,,,,
42,Bowler,623,Unified,0.00%,,,,,0.00%,,,,,,,,,,,,
43,Boyceville Community,637,Unified,37.08%,89.89%,10.11%,14.81%,44.44%,33.47%,53.94%,43.15%,2.90%,,,,,,,,,
44,Brighton #1,657,Elementary,96.86%,95.68%,4.32%,75.00%,25.00%,92.67%,71.75%,26.55%,1.69%,,,,,,,,,
45,Brillion,658,Unified,90.14%,96.96%,3.04%,37.04%,48.15%,87.50%,72.24%,26.25%,1.51%,,,,,,,,,
46,Bristol #1,665,Elementary,94.28%,97.85%,2.15%,5.88%,82.35%,91.90%,81.19%,16.60%,2.20%,,,,,,,,,
47,Brodhead,700,Unified,91.02%,97.72%,2.28%,27.27%,45.45%,88.28%,76.77%,22.06%,1.18%,,,,,,,,,
48,Brown Deer,721,Unified,89.62%,98.52%,1.48%,21.74%,43.48%,88.06%,83.96%,15.19%,0.85%,,,,,,,,,
49,Bruce,735,Unified,0.00%,,,,,0.00%,,,,,,,,,,,,
50,Burlington Area,777,Unified,83.46%,98.50%,1.50%,39.47%,39.47%,81.62%,88.20%,11.12%,0.68%,,,,,,,,,
51,Butternut,840,Unified,0.00%,,,,,0.00%,,,,,,,,,,,,
52,Cadott Community,870,Unified,79.08%,89.30%,10.70%,18.06%,66.67%,70.62%,53.08%,40.10%,6.82%,,,,,,,,,
53,Cambria-Friesland,882,Unified,0.00%,,,,,0.00%,,,,,,,,,,,,
54,Cambridge,896,Unified,74.95%,96.99%,3.01%,28.57%,71.43%,74.30%,70.62%,25.18%,4.20%,,,,,,,,,
55,Cameron,903,Unified,52.89%,97.23%,2.77%,5.88%,76.47%,50.91%,86.44%,11.53%,2.03%,,,,,,,,,
56,Campbellsport,910,Unified,99.55%,95.30%,4.71%,17.46%,71.43%,94.80%,55.84%,41.57%,2.59%,,,,,,,,,
57,Cashton,980,Unified,97.16%,94.80%,5.20%,37.50%,56.25%,93.52%,58.61%,38.01%,3.38%,,,,,,,,,
58,Cassville,994,Unified,3.45%,100.00%,0.00%,0.00%,0.00%,3.45%,100.00%,0.00%,0.00%,,,,,,,,,
59,Cedar Grove-Belgium Area,1029,Unified,0.00%,,,,,0.00%,,,,,,,,,,,,
60,Cedarburg,1015,Unified,98.54%,99.77%,0.23%,28.57%,28.57%,98.32%,80.24%,19.44%,0.32%,,,,,,,,,
61,Central/Westosha UHS,5054,Secondary,70.30%,97.60%,2.40%,20.00%,65.00%,70.30%,84.39%,13.45%,2.16%,,,,,,,,,
62,Chequamegon,1071,Unified,0.00%,,,,,0.00%,,,,,,,,,,,,
63,Chetek-Weyerhaeuser Area,1080,Unified,72.18%,95.81%,4.19%,23.33%,56.67%,69.35%,76.89%,21.51%,1.60%,,,,,,,,,
64,Chilton,1085,Unified,0.00%,,,,,0.00%,,,,,,,,,,,,
65,Chippewa Falls Area Unified,1092,Unified,89.23%,97.87%,2.13%,29.79%,63.83%,89.23%,84.18%,13.68%,2.13%,,,,,,,,,
66,Clayton,1120,Unified,0.33%,100.00%,0.00%,0.00%,0.00%,0.33%,100.00%,0.00%,0.00%,,,,,,,,,
67,Clear Lake,1127,Unified,75.51%,94.10%,5.90%,53.85%,46.15%,70.89%,62.80%,35.02%,2.17%,,,,,,,,,
68,Clinton Community,1134,Unified,93.96%,98.05%,1.95%,40.00%,40.00%,91.39%,74.75%,23.85%,1.40%,,,,,,,,,
69,Clintonville,1141,Unified,75.67%,93.57%,6.43%,32.76%,56.90%,70.55%,67.66%,29.25%,3.09%,,,,,,,,,
70,Cochrane-Fountain City,1155,Unified,95.92%,98.15%,1.85%,10.00%,60.00%,95.92%,79.30%,17.93%,2.77%,,,,,,,,,
71,Colby,1162,Unified,67.11%,87.21%,12.79%,41.67%,41.67%,67.11%,55.56%,31.81%,12.63%,,,,,,,,,
72,Coleman,1169,Unified,92.15%,86.45%,13.55%,33.71%,53.93%,79.10%,48.05%,47.70%,4.26%,,,,,,,,,
73,Colfax,1176,Unified,64.71%,96.57%,3.43%,29.41%,70.59%,64.71%,57.98%,35.96%,6.06%,,,,,,,,,
74,Columbus,1183,Unified,88.77%,94.27%,5.73%,31.75%,68.25%,88.77%,74.52%,21.02%,4.46%,,,,,,,,,
75,Cornell,1204,Unified,0.00%,,,,,0.00%,,,,,,,,,,,,
76,Crandon,1218,Unified,92.80%,95.81%,4.19%,14.71%,29.41%,88.11%,68.35%,30.22%,1.43%,,,,,,,,,
77,Crivitz,1232,Unified,0.00%,,,,,0.00%,,,,,,,,,,,,
78,Cuba City,1246,Unified,79.32%,95.71%,4.29%,29.17%,50.00%,0.00%,0.00%,0.00%,0.00%,,,,,,,,,
79,Cudahy,1253,Unified,95.74%,96.16%,3.84%,36.59%,54.88%,92.34%,81.85%,14.26%,3.88%,,,,,,,,,
80,Cumberland,1260,Unified,0.00%,,,,,0.00%,,,,,,,,,,,,
81,D C Everest Area,4970,Unified,82.24%,98.66%,1.34%,0.00%,91.04%,82.24%,85.95%,12.28%,1.77%,,,,,,,,,
82,Darlington Community,1295,Unified,0.00%,,,,,0.00%,,,,,,,,,,,,
83,De Pere,1414,Unified,96.84%,98.04%,1.96%,28.74%,64.37%,96.84%,86.51%,12.47%,1.01%,,,,,,,,,
84,De Soto Area,1421,Unified,0.00%,,,,,0.00%,,,,,,,,,,,,
85,Deerfield Community,1309,Unified,93.14%,97.83%,2.17%,40.00%,46.67%,90.98%,69.82%,28.70%,1.48%,,,,,,,,,
86,DeForest Area,1316,Unified,97.60%,98.42%,1.58%,30.16%,63.49%,95.72%,86.63%,11.94%,1.43%,,,,,,,,,
87,Delavan-Darien,1380,Unified,98.56%,96.32%,3.68%,32.35%,57.35%,98.56%,83.12%,13.47%,3.41%,,,,,,,,,
88,Denmark,1407,Unified,46.85%,96.01%,3.99%,10.00%,73.33%,46.85%,63.25%,32.76%,3.99%,,,,,,,,,
89,Dodgeland,2744,Unified,6.27%,95.83%,4.17%,50.00%,50.00%,6.27%,68.75%,22.92%,8.33%,,,,,,,,,
90,Dodgeville,1428,Unified,99.03%,97.05%,2.95%,12.12%,87.88%,99.03%,79.46%,17.86%,2.68%,,,,,,,,,
91,Dover #1,1449,Elementary,0.00%,,,,,0.00%,,,,,,,,,,,,
92,Drummond Area,1491,Unified,77.74%,98.85%,1.15%,0.00%,100.00%,77.74%,98.85%,0.38%,0.76%,,,,,,,,,
93,Durand-Arkansaw,1499,Unified,37.25%,99.47%,0.53%,0.00%,100.00%,37.05%,83.60%,16.13%,0.27%,,,,,,,,,
94,East Troy Community,1540,Unified,96.03%,97.83%,2.17%,37.50%,43.75%,93.36%,79.58%,19.65%,0.77%,,,,,,,,,
95,Eau Claire Area,1554,Unified,21.85%,92.95%,7.05%,34.10%,32.37%,20.86%,85.79%,9.68%,4.52%,,,,,,,,,
96,Edgar,1561,Unified,33.12%,96.57%,3.43%,57.14%,42.86%,33.12%,47.55%,42.16%,10.29%,,,,,,,,,
97,Edgerton,1568,Unified,94.38%,98.50%,1.50%,44.44%,55.56%,94.38%,82.29%,16.54%,1.17%,,,,,,,,,
98,Elcho,1582,Unified,0.00%,,,,,0.00%,,,,,,,,,,,,
99,Eleva-Strum,1600,Unified,0.00%,,,,,0.00%,,,,,,,,,,,,
100,Elk Mound Area,1645,Unified,0.00%,,,,,0.00%,,,,,,,,,,,,
101,Elkhart Lake-Glenbeulah,1631,Unified,98.09%,98.05%,1.95%,55.56%,22.22%,96.18%,66.45%,32.67%,0.88%,,,,,,,,,
102,Elkhorn Area,1638,Unified,77.30%,98.12%,1.88%,42.59%,40.74%,75.79%,80.89%,18.44%,0.67%,,,,,,,,,
103,Ellsworth Community,1659,Unified,49.04%,93.87%,6.13%,40.00%,56.00%,49.04%,53.13%,38.40%,8.47%,,,,,,,,,
104,Elmbrook,714,Unified,0.00%,,,,,0.00%,,,,,,,,,,,,
105,Elmwood,1666,Unified,67.98%,98.67%,1.33%,33.33%,66.67%,67.07%,72.97%,26.58%,0.45%,,,,,,,,,
106,Erin,1687,Elementary,90.12%,97.53%,2.47%,44.44%,22.22%,87.90%,67.13%,32.30%,0.56%,,,,,,,,,
107,Evansville Community,1694,Unified,84.22%,97.90%,2.10%,38.71%,35.48%,82.34%,80.62%,18.82%,0.55%,,,,,,,,,
108,Fall Creek,1729,Unified,0.00%,,,,,0.00%,,,,,,,,,,,,
109,Fall River,1736,Unified,0.00%,,,,,0.00%,,,,,,,,,,,,
110,Fennimore Community,1813,Unified,92.62%,93.78%,6.22%,26.09%,50.00%,86.11%,66.57%,31.10%,2.33%,,,,,,,,,
111,Flambeau,5757,Unified,0.20%,0.00%,100.00%,0.00%,0.00%,0.20%,0.00%,0.00%,100.00%,,,,,,,,,
112,Florence,1855,Unified,66.34%,94.12%,5.88%,43.75%,31.25%,63.90%,64.50%,31.68%,3.82%,,,,,,,,,
113,Fond Du Lac,1862,Unified,80.39%,96.80%,3.20%,46.89%,43.50%,77.86%,84.20%,13.86%,1.94%,,,,,,,,,
114,Fontana J8,1870,Elementary,0.00%,,,,,0.00%,,,,,,,,,,,,
115,Fort Atkinson,1883,Unified,90.59%,95.95%,4.05%,18.56%,41.24%,86.93%,76.36%,22.82%,0.83%,,,,,,,,,
116,Fox Point J2,1890,Elementary,5.02%,100.00%,0.00%,0.00%,0.00%,5.02%,90.91%,9.09%,0.00%,,,,,,,,,
117,Franklin Public,1900,Unified,77.94%,99.26%,0.74%,0.00%,100.00%,0.00%,0.00%,0.00%,0.00%,,,,,,,,,
118,Frederic,1939,Unified,83.07%,95.71%,4.29%,31.25%,68.75%,83.07%,74.26%,21.18%,4.56%,,,,,,,,,
119,Freedom Area,1953,Unified,97.24%,97.16%,2.84%,4.55%,72.73%,94.42%,70.98%,26.76%,2.26%,,,,,,,,,
120,Galesville-Ettrick-Trempealeau,2009,Unified,24.82%,75.50%,24.50%,22.35%,76.47%,24.75%,78.03%,19.94%,2.02%,,,,,,,,,
121,Geneva J4,2044,Elementary,0.00%,,,,,0.00%,,,,,,,,,,,,
122,Genoa City J2,2051,Elementary,0.00%,,,,,0.00%,,,,,,,,,,,,
123,Germantown,2058,Unified,94.15%,99.64%,0.36%,7.69%,69.23%,93.51%,86.41%,13.29%,0.30%,,,,,,,,,
124,Gibraltar Area,2114,Unified,47.92%,94.88%,5.12%,7.69%,53.85%,45.85%,54.32%,42.80%,2.88%,,,,,,,,,
125,Gillett,2128,Unified,0.00%,,,,,0.00%,,,,,,,,,,,,
126,Gilman,2135,Unified,16.71%,96.61%,3.39%,0.00%,100.00%,16.71%,47.46%,44.07%,8.47%,,,,,,,,,
127,Gilmanton,2142,Unified,100.00%,94.93%,5.07%,100.00%,0.00%,100.00%,69.57%,15.94%,14.49%,,,,,,,,,
128,Glendale-River Hills,2184,Elementary,0.10%,0.00%,100.00%,0.00%,100.00%,0.10%,0.00%,0.00%,100.00%,,,,,,,,,
129,Glenwood City,2198,Unified,76.86%,94.75%,5.25%,61.54%,34.62%,75.47%,58.02%,36.42%,5.56%,,,,,,,,,
130,Goodman-Armstrong Creek,2212,Unified,0.00%,,,,,0.00%,,,,,,,,,,,,
131,Grafton,2217,Unified,96.75%,100.00%,0.00%,0.00%,0.00%,96.75%,100.00%,0.00%,0.00%,,,,,,,,,
132,Granton Area,2226,Unified,86.32%,91.58%,8.42%,58.82%,23.53%,86.32%,53.96%,37.62%,8.42%,,,,,,,,,
133,Grantsburg,2233,Unified,0.00%,,,,,0.00%,,,,,,,,,,,,
134,Green Bay Area,2289,Unified,54.58%,93.53%,6.47%,34.00%,53.00%,54.58%,76.29%,17.58%,6.13%,,,,,,,,,
135,Green Lake,2310,Unified,90.97%,99.66%,0.34%,100.00%,0.00%,90.97%,98.97%,1.03%,0.00%,,,,,,,,,
136,Greendale,2296,Unified,88.79%,99.21%,0.79%,52.63%,47.37%,88.79%,89.53%,10.01%,0.46%,,,,,,,,,
137,Greenfield,2303,Unified,19.87%,99.56%,0.44%,33.33%,66.67%,19.87%,84.91%,14.66%,0.44%,,,,,,,,,
138,Greenwood,2394,Unified,8.75%,93.94%,6.06%,100.00%,0.00%,8.75%,60.61%,39.39%,0.00%,,,,,,,,,
139,Gresham,2415,Unified,60.20%,88.70%,11.30%,50.00%,35.00%,59.18%,48.85%,41.38%,9.77%,,,,,,,,,
140,Hamilton,2420,Unified,99.84%,99.33%,0.67%,41.18%,35.29%,99.84%,88.63%,10.54%,0.83%,,,,,,,,,
141,Hartford J1,2443,Elementary,87.95%,97.57%,2.43%,44.12%,38.24%,85.25%,83.73%,15.17%,1.10%,,,,,,,,,
142,Hartford UHS,2436,Secondary,98.51%,98.18%,1.82%,29.17%,50.00%,96.42%,77.61%,21.15%,1.24%,,,,,,,,,
143,Hartland-Lakeside J3,2460,Elementary,77.06%,98.57%,1.43%,53.85%,38.46%,75.70%,88.33%,10.33%,1.35%,,,,,,,,,
144,Hayward Community,2478,Unified,80.13%,95.93%,4.07%,31.25%,56.25%,68.82%,68.91%,28.05%,3.03%,,,,,,,,,
145,Herman-Neosho-Rubicon,2525,Elementary,0.00%,,,,,0.00%,,,,,,,,,,,,
146,Highland,2527,Unified,0.00%,,,,,0.00%,,,,,,,,,,,,
147,Hilbert,2534,Unified,0.00%,,,,,0.00%,,,,,,,,,,,,
148,Hillsboro,2541,Unified,39.74%,96.28%,3.72%,62.50%,25.00%,39.74%,71.16%,24.65%,4.19%,,,,,,,,,
149,Holmen,2562,Unified,96.11%,98.74%,1.26%,33.33%,64.58%,96.11%,84.63%,13.90%,1.47%,,,,,,,,,
150,Holy Hill Area,2570,Elementary,99.21%,99.40%,0.60%,0.00%,100.00%,98.62%,86.43%,13.17%,0.40%,,,,,,,,,
151,Horicon,2576,Unified,61.76%,97.72%,2.28%,72.73%,27.27%,61.76%,79.50%,18.01%,2.48%,,,,,,,,,
152,Hortonville Area,2583,Unified,73.85%,97.15%,2.85%,21.74%,60.87%,71.84%,84.98%,13.94%,1.08%,,,,,,,,,
153,Howard-Suamico,2604,Unified,59.31%,99.66%,0.34%,33.33%,66.67%,59.31%,88.90%,10.98%,0.11%,,,,,,,,,
154,Howards Grove,2605,Unified,88.46%,98.88%,1.12%,0.00%,66.67%,87.36%,73.71%,25.53%,0.75%,,,,,,,,,
155,Hudson,2611,Unified,75.84%,97.86%,2.14%,22.22%,57.78%,74.83%,84.76%,13.73%,1.51%,,,,,,,,,
156,Hurley,2618,Unified,86.44%,98.12%,1.88%,11.11%,44.44%,85.35%,78.18%,19.49%,2.33%,,,,,,,,,
157,Hustisford,2625,Unified,98.43%,93.29%,6.71%,57.14%,38.10%,98.43%,72.52%,21.41%,6.07%,,,,,,,,,
158,Independence,2632,Unified,0.00%,,,,,0.00%,,,,,,,,,,,,
159,Iola-Scandinavia,2639,Unified,81.93%,97.53%,2.47%,33.33%,58.33%,79.39%,59.57%,38.30%,2.13%,,,,,,,,,
160,Iowa-Grant,2646,Unified,89.38%,93.50%,6.50%,36.59%,39.02%,89.38%,72.11%,21.87%,6.02%,,,,,,,,,
161,Ithaca,2660,Unified,41.03%,94.61%,5.39%,77.78%,22.22%,40.29%,31.71%,60.98%,7.32%,,,,,,,,,
162,Janesville,2695,Unified,0.00%,,,,,0.00%,,,,,,,,,,,,
163,Jefferson,2702,Unified,0.06%,100.00%,0.00%,0.00%,0.00%,0.06%,100.00%,0.00%,0.00%,,,,,,,,,
164,Johnson Creek,2730,Unified,83.31%,97.35%,2.65%,0.00%,64.29%,80.47%,80.43%,18.00%,1.57%,,,,,,,,,
165,Juda,2737,Unified,89.17%,95.14%,4.86%,50.00%,33.33%,84.48%,60.68%,33.76%,5.56%,,,,,,,,,
166,Kaukauna Area,2758,Unified,92.10%,98.26%,1.74%,41.54%,53.85%,92.10%,85.76%,12.88%,1.36%,,,,,,,,,
167,Kenosha,2793,Unified,92.90%,97.07%,2.93%,39.67%,41.85%,92.90%,78.29%,18.88%,2.83%,,,,,,,,,
168,Kettle Moraine,1376,Unified,99.86%,99.25%,0.75%,33.33%,55.56%,99.86%,87.95%,11.30%,0.75%,,,,,,,,,
169,Kewaskum,2800,Unified,94.40%,95.29%,4.71%,38.27%,49.38%,89.91%,64.19%,33.92%,1.89%,,,,,,,,,
170,Kewaunee,2814,Unified,81.05%,90.81%,9.19%,22.06%,73.53%,81.05%,57.84%,33.78%,8.38%,,,,,,,,,
171,Kickapoo Area,5960,Unified,75.05%,98.34%,1.66%,50.00%,50.00%,73.60%,85.03%,14.41%,0.56%,,,,,,,,,
172,Kiel Area,2828,Unified,84.58%,98.58%,1.42%,33.33%,60.00%,83.23%,69.96%,27.83%,2.21%,,,,,,,,,
173,Kimberly Area,2835,Unified,0.00%,,,,,0.00%,,,,,,,,,,,,
174,Kohler,2842,Unified,97.54%,99.86%,0.14%,100.00%,0.00%,97.13%,86.06%,12.82%,1.13%,,,,,,,,,
175,La Crosse,2849,Unified,82.43%,97.14%,2.86%,44.97%,30.87%,79.65%,86.55%,12.79%,0.66%,,,,,,,,,
176,La Farge,2863,Unified,80.57%,97.99%,2.01%,0.00%,100.00%,77.73%,84.38%,15.10%,0.52%,,,,,,,,,
177,Lac du Flambeau #1,1848,Elementary,0.00%,,,,,0.00%,,,,,,,,,,,,
178,Ladysmith,2856,Unified,90.59%,94.80%,5.20%,37.84%,40.54%,85.75%,73.00%,24.93%,2.08%,,,,,,,,,
179,Lake Country,3862,Elementary,95.81%,100.00%,0.00%,0.00%,0.00%,95.41%,91.42%,8.58%,0.00%,,,,,,,,,
180,Lake Geneva-Genoa City UHS,2884,Secondary,0.83%,100.00%,0.00%,0.00%,0.00%,0.83%,100.00%,0.00%,0.00%,,,,,,,,,
181,Lake Geneva J1,2885,Elementary,1.57%,86.67%,13.33%,25.00%,75.00%,1.52%,86.21%,6.90%,6.90%,,,,,,,,,
182,Lake Holcombe,2891,Unified,0.00%,,,,,0.00%,,,,,,,,,,,,
183,Lake Mills Area,2898,Unified,0.00%,,,,,0.00%,,,,,,,,,,,,
184,Lakeland UHS,3647,Secondary,95.05%,94.26%,5.74%,25.58%,69.77%,95.05%,59.68%,36.45%,3.87%,,,,,,,,,
185,Lancaster Community,2912,Unified,44.74%,97.93%,2.07%,66.67%,33.33%,44.74%,70.74%,25.58%,3.69%,,,,,,,,,
186,Laona,2940,Unified,65.63%,98.41%,1.59%,100.00%,0.00%,65.63%,64.55%,31.75%,3.70%,,,,,,,,,
187,Lena,2961,Unified,0.00%,,,,,0.00%,,,,,,,,,,,,
188,Linn J4,3087,Elementary,0.00%,,,,,0.00%,,,,,,,,,,,,
189,Linn J6,3094,Elementary,1.31%,100.00%,0.00%,0.00%,0.00%,1.31%,100.00%,0.00%,0.00%,,,,,,,,,
190,Little Chute Area,3129,Unified,81.79%,97.23%,2.77%,40.54%,59.46%,81.79%,81.56%,15.52%,2.92%,,,,,,,,,
191,Lodi,3150,Unified,55.76%,98.00%,2.00%,58.82%,41.18%,55.76%,64.44%,34.04%,1.53%,,,,,,,,,
192,Lomira,3171,Unified,84.73%,97.18%,2.82%,24.00%,64.00%,81.58%,78.60%,20.47%,0.94%,,,,,,,,,
193,Loyal,3206,Unified,95.41%,90.59%,9.41%,20.00%,64.44%,95.41%,53.97%,35.77%,10.25%,,,,,,,,,
194,Luck,3213,Unified,91.29%,99.18%,0.82%,100.00%,0.00%,91.04%,95.36%,4.37%,0.27%,,,,,,,,,
195,Luxemburg-Casco,3220,Unified,0.00%,,,,,0.00%,,,,,,,,,,,,
196,Madison Metropolitan,3269,Unified,97.81%,97.44%,2.56%,43.66%,35.50%,97.81%,90.48%,7.58%,1.94%,,,,,,,,,
197,Manawa,3276,Unified,94.04%,94.75%,5.25%,37.93%,44.83%,89.44%,60.57%,37.90%,1.52%,,,,,,,,,
198,Manitowoc,3290,Unified,11.97%,84.23%,15.77%,52.13%,26.60%,11.97%,71.48%,13.76%,14.77%,,,,,,,,,
199,Maple,3297,Unified,64.99%,97.65%,2.35%,20.00%,55.00%,64.15%,61.95%,36.39%,1.66%,,,,,,,,,
200,Maple Dale-Indian Hill,1897,Elementary,93.15%,99.75%,0.25%,0.00%,100.00%,93.15%,95.83%,3.92%,0.25%,,,,,,,,,
201,Marathon City,3304,Unified,0.00%,,,,,0.00%,,,,,,,,,,,,
202,Marinette,3311,Unified,71.93%,96.10%,3.90%,52.63%,28.07%,69.27%,81.62%,15.61%,2.77%,,,,,,,,,
203,Marion,3318,Unified,95.00%,94.51%,5.49%,8.33%,70.83%,87.83%,63.61%,31.68%,4.70%,,,,,,,,,
204,Markesan,3325,Unified,0.00%,,,,,0.00%,,,,,,,,,,,,
205,Marshall,3332,Unified,0.00%,,,,,0.00%,,,,,,,,,,,,
206,Marshfield Unified,3339,Unified,22.98%,92.46%,7.54%,23.19%,44.93%,21.50%,83.06%,13.55%,3.39%,,,,,,,,,
207,Mauston,3360,Unified,83.36%,88.45%,11.55%,24.29%,55.00%,70.22%,63.17%,29.29%,7.54%,,,,,,,,,
208,Mayville,3367,Unified,86.67%,97.83%,2.17%,50.00%,40.00%,84.51%,73.67%,25.44%,0.89%,,,,,,,,,
209,Mcfarland,3381,Unified,30.36%,99.33%,0.67%,7.69%,84.62%,30.36%,86.71%,12.62%,0.67%,,,,,,,,,
210,Medford Area Public,3409,Unified,60.98%,96.12%,3.88%,24.68%,50.65%,58.71%,64.20%,32.91%,2.88%,,,,,,,,,
211,Mellen,3427,Unified,0.00%,,,,,0.00%,,,,,,,,,,,,
212,Melrose-Mindoro,3428,Unified,80.18%,88.22%,11.78%,15.28%,83.33%,80.18%,29.79%,54.66%,15.55%,,,,,,,,,
213,Menasha Joint,3430,Unified,97.30%,95.81%,4.19%,24.06%,60.90%,97.30%,82.66%,13.02%,4.32%,,,,,,,,,
214,Menominee Indian,3434,Unified,61.29%,89.80%,10.20%,35.48%,56.45%,54.44%,70.00%,25.74%,4.26%,,,,,,,,,
215,Menomonee Falls,3437,Unified,0.00%,,,,,0.00%,,,,,,,,,,,,
216,Menomonie Area,3444,Unified,59.51%,97.08%,2.92%,25.42%,57.63%,57.77%,79.15%,18.76%,2.09%,,,,,,,,,
217,Mequon-Thiensville,3479,Unified,79.33%,99.93%,0.07%,0.00%,100.00%,79.33%,93.54%,6.32%,0.14%,,,,,,,,,
218,Mercer,3484,Unified,80.34%,95.74%,4.26%,25.00%,75.00%,80.34%,57.45%,36.17%,6.38%,,,,,,,,,
219,Merrill Area,3500,Unified,93.07%,95.54%,4.46%,23.85%,57.69%,88.56%,75.97%,22.19%,1.84%,,,,,,,,,
220,Merton Community,3528,Elementary,95.38%,99.65%,0.35%,0.00%,33.33%,94.59%,87.25%,11.80%,0.95%,,,,,,,,,
221,Middleton-Cross Plains Area,3549,Unified,84.56%,99.39%,0.61%,26.32%,57.89%,84.56%,86.54%,12.53%,0.93%,,,,,,,,,
222,Milton,3612,Unified,95.52%,98.59%,1.41%,29.79%,53.19%,93.52%,83.22%,15.99%,0.80%,,,,,,,,,
223,Milwaukee,3619,Unified,2.47%,97.37%,2.63%,33.33%,64.58%,2.41%,77.15%,21.62%,1.24%,,,,,,,,,
224,Mineral Point Unified,3633,Unified,92.38%,97.62%,2.38%,29.41%,58.82%,90.83%,76.24%,21.34%,2.42%,,,,,,,,,
225,Minocqua J1,3640,Elementary,6.24%,97.14%,2.86%,0.00%,100.00%,6.24%,57.14%,40.00%,2.86%,,,,,,,,,
226,Mishicot,3661,Unified,0.11%,100.00%,0.00%,0.00%,0.00%,0.11%,100.00%,0.00%,0.00%,,,,,,,,,
227,Mondovi,3668,Unified,0.00%,,,,,0.00%,,,,,,,,,,,,
228,Monona Grove,3675,Unified,0.00%,,,,,0.00%,,,,,,,,,,,,
229,Monroe,3682,Unified,86.92%,97.68%,2.32%,42.55%,48.94%,84.91%,76.72%,21.97%,1.31%,,,,,,,,,
230,Montello,3689,Unified,0.00%,,,,,0.00%,,,,,,,,,,,,
231,Monticello,3696,Unified,51.41%,99.39%,0.61%,100.00%,0.00%,51.10%,74.85%,24.54%,0.61%,,,,,,,,,
232,Mosinee,3787,Unified,43.86%,98.53%,1.47%,15.38%,76.92%,42.97%,84.51%,14.45%,1.04%,,,,,,,,,
233,Mount Horeb Area,3794,Unified,73.13%,99.89%,0.11%,0.00%,50.00%,73.13%,87.22%,12.72%,0.06%,,,,,,,,,
234,Mukwonago,3822,Unified,93.64%,97.94%,2.06%,70.71%,29.29%,93.64%,89.36%,8.89%,1.75%,,,,,,,,,
235,Muskego-Norway,3857,Unified,48.44%,99.83%,0.17%,25.00%,75.00%,48.44%,80.28%,19.21%,0.51%,,,,,,,,,
236,Necedah Area,3871,Unified,0.00%,,,,,0.00%,,,,,,,,,,,,
237,Neenah Joint,3892,Unified,1.94%,99.22%,0.78%,0.00%,100.00%,1.94%,99.22%,0.78%,0.00%,,,,,,,,,
238,Neillsville,3899,Unified,0.00%,,,,,0.00%,,,,,,,,,,,,
239,Nekoosa,3906,Unified,0.00%,,,,,0.00%,,,,,,,,,,,,
240,New Auburn,3920,Unified,0.00%,,,,,0.00%,,,,,,,,,,,,
241,New Berlin,3925,Unified,59.89%,99.84%,0.16%,75.00%,0.00%,59.89%,93.76%,5.50%,0.74%,,,,,,,,,
242,New Glarus,3934,Unified,92.58%,98.66%,1.34%,0.00%,75.00%,90.82%,77.19%,22.25%,0.57%,,,,,,,,,
243,New Holstein,3941,Unified,0.00%,,,,,0.00%,,,,,,,,,,,,
244,New Lisbon,3948,Unified,17.86%,96.36%,3.64%,75.00%,25.00%,17.86%,75.45%,19.09%,5.45%,,,,,,,,,
245,New London,3955,Unified,82.21%,97.15%,2.85%,15.38%,67.31%,79.82%,71.22%,27.14%,1.64%,,,,,,,,,
246,New Richmond,3962,Unified,88.55%,97.04%,2.96%,41.94%,41.94%,86.24%,62.60%,35.67%,1.73%,,,,,,,,,
247,Niagara,3969,Unified,53.17%,91.77%,8.23%,0.00%,70.00%,53.17%,67.90%,21.81%,10.29%,,,,,,,,,
248,Nicolet UHS,2177,Secondary,99.55%,99.37%,0.63%,28.57%,71.43%,98.92%,85.66%,13.79%,0.54%,,,,,,,,,
249,Norris,3976,Unified,0.00%,,,,,0.00%,,,,,,,,,,,,
250,North Cape,4690,Elementary,0.00%,,,,,0.00%,,,,,,,,,,,,
251,North Crawford,2016,Unified,67.34%,95.49%,4.51%,33.33%,41.67%,63.54%,78.49%,19.12%,2.39%,,,,,,,,,
252,North Fond Du Lac,3983,Unified,85.73%,96.60%,3.40%,17.39%,58.70%,82.50%,85.93%,12.30%,1.77%,,,,,,,,,
253,North Lake,3514,Elementary,0.00%,,,,,0.00%,,,,,,,,,,,,
254,North Lakeland,616,Elementary,98.00%,97.96%,2.04%,0.00%,100.00%,96.00%,59.72%,38.19%,2.08%,,,,,,,,,
255,Northern Ozaukee,1945,Unified,94.01%,96.90%,3.10%,11.11%,66.67%,90.61%,77.66%,21.63%,0.71%,,,,,,,,,
256,Northland Pines,1526,Unified,90.05%,95.79%,4.21%,30.19%,60.38%,90.05%,63.28%,33.15%,3.58%,,,,,,,,,
257,Northwood,3654,Unified,0.00%,,,,,0.00%,,,,,,,,,,,,
258,Norwalk-Ontario-Wilton,3990,Unified,92.95%,92.24%,7.76%,40.91%,43.18%,84.75%,66.73%,29.01%,4.26%,,,,,,,,,
259,Norway J7,4011,Elementary,0.00%,,,,,0.00%,,,,,,,,,,,,
260,Oak Creek-Franklin Joint,4018,Unified,98.92%,97.98%,2.02%,20.90%,73.88%,98.92%,89.75%,9.33%,0.92%,,,,,,,,,
261,Oakfield,4025,Unified,90.80%,97.66%,2.34%,0.00%,91.67%,90.80%,69.98%,27.68%,2.34%,,,,,,,,,
262,Oconomowoc Area,4060,Unified,9.87%,96.42%,3.58%,55.56%,44.44%,9.87%,82.70%,13.32%,3.98%,,,,,,,,,
263,Oconto Falls Public,4074,Unified,91.78%,95.81%,4.19%,18.46%,44.62%,87.64%,66.46%,32.66%,0.88%,,,,,,,,,
264,Oconto Unified,4067,Unified,0.00%,,,,,0.00%,,,,,,,,,,,,
265,Omro,4088,Unified,95.37%,94.39%,5.61%,25.00%,60.00%,89.66%,69.28%,28.33%,2.39%,,,,,,,,,
266,Onalaska,4095,Unified,66.96%,98.51%,1.49%,32.26%,58.06%,66.96%,86.70%,12.14%,1.16%,,,,,,,,,
267,Oostburg,4137,Unified,45.93%,96.41%,3.59%,17.65%,82.35%,45.93%,70.25%,27.22%,2.53%,,,,,,,,,
268,Oregon,4144,Unified,95.85%,98.03%,1.97%,24.05%,68.35%,95.85%,86.31%,12.05%,1.64%,,,,,,,,,
269,Osceola,4165,Unified,91.57%,98.04%,1.96%,27.59%,58.62%,89.72%,63.40%,34.46%,2.14%,,,,,,,,,
270,Oshkosh Area,4179,Unified,92.83%,96.62%,3.38%,53.72%,42.91%,92.83%,82.34%,15.19%,2.47%,,,,,,,,,
271,Osseo-Fairchild,4186,Unified,0.00%,,,,,0.00%,,,,,,,,,,,,
272,Owen-Withee,4207,Unified,58.17%,84.31%,15.69%,34.88%,44.19%,58.17%,47.45%,37.96%,14.60%,,,,,,,,,
273,Palmyra-Eagle Area,4221,Unified,88.04%,97.17%,2.83%,33.33%,26.67%,85.05%,76.37%,23.44%,0.20%,,,,,,,,,
274,Pardeeville Area,4228,Unified,97.04%,97.07%,2.93%,37.50%,54.17%,96.56%,66.75%,30.92%,2.33%,,,,,,,,,
275,Paris J1,4235,Elementary,0.00%,,,,,0.00%,,,,,,,,,,,,
276,Parkview,4151,Unified,68.52%,93.09%,6.91%,42.50%,55.00%,68.40%,54.67%,38.75%,6.57%,,,,,,,,,
277,Pecatonica Area,490,Unified,0.00%,,,,,0.00%,,,,,,,,,,,,
278,Pepin Area,4270,Unified,2.50%,100.00%,0.00%,0.00%,0.00%,2.50%,100.00%,0.00%,0.00%,,,,,,,,,
279,Peshtigo,4305,Unified,0.00%,,,,,0.00%,,,,,,,,,,,,
280,Pewaukee,4312,Unified,97.40%,99.69%,0.31%,22.22%,33.33%,96.86%,89.57%,10.22%,0.21%,,,,,,,,,
281,Phelps,4330,Unified,73.63%,92.54%,7.46%,60.00%,40.00%,73.63%,77.61%,22.39%,0.00%,,,,,,,,,
282,Phillips,4347,Unified,24.93%,90.22%,9.78%,94.44%,5.56%,24.93%,50.54%,35.33%,14.13%,,,,,,,,,
283,Pittsville,4368,Unified,94.76%,94.11%,5.89%,28.13%,68.75%,89.01%,67.84%,29.61%,2.55%,,,,,,,,,
284,Platteville,4389,Unified,97.16%,92.84%,7.16%,39.09%,44.55%,89.76%,79.08%,18.66%,2.25%,,,,,,,,,
285,Plum City,4459,Unified,69.69%,89.83%,10.17%,0.00%,100.00%,69.69%,33.90%,42.37%,23.73%,,,,,,,,,
286,Plymouth Joint,4473,Unified,89.12%,97.40%,2.60%,28.00%,56.00%,86.53%,77.10%,22.15%,0.75%,,,,,,,,,
287,Port Edwards,4508,Unified,62.19%,98.56%,1.44%,50.00%,50.00%,62.19%,85.97%,12.59%,1.44%,,,,,,,,,
288,Port Washington-Saukville,4515,Unified,78.18%,97.35%,2.65%,0.00%,0.00%,76.10%,51.91%,48.09%,0.00%,,,,,,,,,
289,Portage Community,4501,Unified,75.78%,97.73%,2.27%,26.32%,63.16%,75.78%,78.97%,18.76%,2.27%,,,,,,,,,
290,Potosi,4529,Unified,92.70%,98.63%,1.37%,0.00%,50.00%,90.16%,74.65%,21.83%,3.52%,,,,,,,,,
291,Poynette,4536,Unified,0.00%,,,,,0.00%,,,,,,,,,,,,
292,Prairie Du Chien Area,4543,Unified,97.57%,94.64%,5.36%,41.07%,42.86%,92.44%,65.96%,30.61%,3.43%,,,,,,,,,
293,Prairie Farm Public,4557,Unified,38.35%,93.46%,6.54%,70.00%,30.00%,35.84%,81.12%,17.48%,1.40%,,,,,,,,,
294,Prentice,4571,Unified,0.00%,,,,,0.00%,,,,,,,,,,,,
295,Prescott,4578,Unified,0.00%,,,,,0.00%,,,,,,,,,,,,
296,Princeton,4606,Unified,42.39%,91.55%,8.45%,41.67%,41.67%,42.39%,54.93%,36.62%,8.45%,,,,,,,,,
297,Pulaski Community,4613,Unified,96.99%,98.17%,1.83%,50.72%,30.43%,95.16%,85.46%,14.02%,0.51%,,,,,,,,,
298,Racine Unified,4620,Unified,44.94%,91.51%,8.49%,7.75%,53.34%,44.94%,91.33%,0.21%,8.46%,,,,,,,,,
299,Randall J1,4627,Elementary,94.85%,97.98%,2.02%,38.46%,53.85%,92.35%,81.69%,16.72%,1.59%,,,,,,,,,
300,Randolph,4634,Unified,89.85%,93.10%,6.90%,42.42%,33.33%,84.21%,59.38%,39.29%,1.34%,,,,,,,,,
301,Random Lake,4641,Unified,40.54%,96.49%,3.51%,20.00%,80.00%,40.54%,55.79%,36.49%,7.72%,,,,,,,,,
302,Raymond #14,4686,Elementary,0.00%,,,,,0.00%,,,,,,,,,,,,
303,Reedsburg,4753,Unified,95.59%,96.56%,3.44%,37.78%,44.44%,91.83%,84.55%,14.42%,1.03%,,,,,,,,,
304,Reedsville,4760,Unified,0.00%,,,,,0.00%,,,,,,,,,,,,
305,Rhinelander,4781,Unified,18.26%,97.43%,2.57%,27.27%,72.73%,18.26%,67.06%,30.61%,2.34%,,,,,,,,,
306,Rib Lake,4795,Unified,89.69%,91.06%,8.94%,0.00%,35.71%,81.68%,34.81%,64.72%,0.47%,,,,,,,,,
307,Rice Lake Area,4802,Unified,83.90%,97.22%,2.78%,26.92%,50.00%,63.90%,79.30%,19.02%,1.68%,,,,,,,,,
308,Richland,4851,Unified,91.07%,95.23%,4.77%,28.30%,52.83%,86.73%,73.94%,24.93%,1.13%,,,,,,,,,
309,Richmond,3122,Elementary,0.00%,,,,,0.00%,,,,,,,,,,,,
310,Rio Community,4865,Unified,63.09%,98.34%,1.66%,50.00%,0.00%,61.52%,68.09%,31.49%,0.43%,,,,,,,,,
311,Ripon Area,4872,Unified,98.57%,96.48%,3.52%,39.68%,47.62%,98.57%,77.82%,18.66%,3.52%,,,,,,,,,
312,River Falls,4893,Unified,64.81%,97.74%,2.26%,21.15%,51.92%,64.81%,76.13%,19.74%,4.13%,,,,,,,,,
313,River Ridge,4904,Unified,52.93%,96.89%,3.11%,77.78%,0.00%,51.28%,63.57%,32.50%,3.93%,,,,,,,,,
314,River Valley,5523,Unified,92.30%,98.56%,1.44%,26.67%,53.33%,90.53%,72.24%,26.78%,0.98%,,,,,,,,,
315,Riverdale,3850,Unified,96.88%,95.25%,4.75%,45.16%,45.16%,92.12%,66.45%,31.61%,1.94%,,,,,,,,,
316,Rosendale-Brandon,4956,Unified,0.10%,100.00%,0.00%,0.00%,0.00%,0.10%,100.00%,0.00%,0.00%,,,,,,,,,
317,Rosholt,4963,Unified,0.00%,,,,,0.00%,,,,,,,,,,,,
318,Royall,1673,Unified,0.00%,,,,,0.00%,,,,,,,,,,,,
319,Saint Croix Central,2422,Unified,90.55%,96.90%,3.10%,17.54%,59.65%,87.89%,71.48%,27.34%,1.18%,,,,,,,,,
320,Saint Croix Falls,5019,Unified,90.97%,94.79%,5.21%,50.94%,33.96%,90.43%,70.82%,22.95%,6.23%,,,,,,,,,
321,Saint Francis,5026,Unified,6.74%,98.59%,1.41%,100.00%,0.00%,6.64%,87.14%,11.43%,1.43%,,,,,,,,,
322,Salem,5068,Elementary,92.38%,97.70%,2.30%,40.91%,40.91%,89.68%,84.30%,14.73%,0.97%,,,,,,,,,
323,Sauk Prairie,5100,Unified,97.89%,97.33%,2.67%,53.42%,41.10%,95.96%,76.05%,21.75%,2.20%,,,,,,,,,
324,Seneca Area,5124,Unified,87.45%,92.38%,7.62%,5.88%,82.35%,83.14%,48.11%,50.00%,1.89%,,,,,,,,,
325,Sevastopol,5130,Unified,0.00%,,,,,0.00%,,,,,,,,,,,,
326,Seymour Community,5138,Unified,0.00%,,,,,0.00%,,,,,,,,,,,,
327,Sharon J11,5258,Elementary,83.72%,96.67%,3.33%,16.67%,83.33%,79.07%,89.41%,8.82%,1.76%,,,,,,,,,
328,Shawano,5264,Unified,93.99%,94.70%,5.30%,27.35%,54.70%,90.03%,72.75%,23.60%,3.64%,,,,,,,,,
329,Sheboygan Area,5271,Unified,96.04%,97.24%,2.76%,33.21%,50.76%,92.43%,84.31%,13.85%,1.84%,,,,,,,,,
330,Sheboygan Falls,5278,Unified,19.46%,96.87%,3.13%,40.00%,50.00%,19.46%,62.70%,35.42%,1.88%,,,,,,,,,
331,Shell Lake,5306,Unified,68.92%,95.90%,4.10%,16.67%,72.22%,67.97%,56.35%,37.88%,5.77%,,,,,,,,,
332,Shiocton,5348,Unified,91.19%,93.91%,6.09%,14.63%,46.34%,85.91%,62.46%,35.17%,2.37%,,,,,,,,,
333,Shorewood,5355,Unified,0.00%,,,,,0.00%,,,,,,,,,,,,
334,Shullsburg,5362,Unified,90.77%,95.59%,4.41%,15.38%,46.15%,88.31%,70.38%,24.74%,4.88%,,,,,,,,,
335,Silver Lake J1,5369,Elementary,91.38%,98.43%,1.57%,57.14%,42.86%,89.32%,84.60%,14.02%,1.38%,,,,,,,,,
336,Siren,5376,Unified,85.32%,91.67%,8.33%,54.84%,35.48%,85.32%,60.75%,29.84%,9.41%,,,,,,,,,
337,Slinger,5390,Unified,75.10%,98.67%,1.33%,8.82%,55.88%,73.75%,86.21%,13.43%,0.36%,,,,,,,,,
338,Solon Springs,5397,Unified,77.02%,96.37%,3.63%,33.33%,66.67%,73.91%,57.98%,38.66%,3.36%,,,,,,,,,
339,Somerset,5432,Unified,0.00%,,,,,0.00%,,,,,,,,,,,,
340,South Milwaukee,5439,Unified,78.54%,97.50%,2.50%,61.40%,33.33%,78.54%,79.14%,17.61%,3.25%,,,,,,,,,
341,South Shore,4522,Unified,96.17%,93.18%,6.82%,33.33%,33.33%,90.71%,84.94%,13.25%,1.81%,,,,,,,,,
342,Southern Door County,5457,Unified,71.06%,90.72%,9.28%,32.84%,43.28%,71.06%,52.91%,37.95%,9.14%,,,,,,,,,
343,Southwestern Wisconsin,2485,Unified,55.82%,97.68%,2.32%,42.86%,57.14%,53.79%,77.32%,21.31%,1.37%,,,,,,,,,
344,Sparta Area,5460,Unified,21.26%,95.79%,4.21%,44.44%,55.56%,20.30%,79.45%,19.09%,1.47%,,,,,,,,,
345,Spencer,5467,Unified,0.00%,,,,,0.00%,,,,,,,,,,,,
346,Spooner Area,5474,Unified,90.45%,94.77%,5.23%,19.61%,43.14%,85.73%,60.54%,36.00%,3.46%,,,,,,,,,
347,Spring Valley,5586,Unified,0.00%,,,,,0.00%,,,,,,,,,,,,
348,Stanley-Boyd Area,5593,Unified,66.73%,95.77%,4.23%,30.00%,66.67%,64.66%,61.63%,34.59%,3.78%,,,,,,,,,
349,Stevens Point Area Public,5607,Unified,79.73%,99.03%,0.97%,12.73%,30.91%,71.28%,81.79%,17.18%,1.02%,,,,,,,,,
350,Stockbridge,5614,Unified,0.00%,,,,,0.00%,,,,,,,,,,,,
351,Stone Bank,3542,Elementary,93.18%,100.00%,0.00%,0.00%,0.00%,92.86%,82.17%,15.73%,2.10%,,,,,,,,,
352,Stoughton Area,5621,Unified,71.62%,94.18%,5.82%,31.36%,56.78%,71.62%,71.96%,22.77%,5.27%,,,,,,,,,
353,Stratford,5628,Unified,94.55%,96.67%,3.33%,11.54%,46.15%,92.25%,71.13%,27.17%,1.71%,,,,,,,,,
354,Sturgeon Bay,5642,Unified,55.41%,98.33%,1.67%,50.00%,50.00%,55.60%,72.88%,25.29%,1.83%,,,,,,,,,
355,Sun Prairie Area,5656,Unified,0.00%,,,,,0.00%,,,,,,,,,,,,
356,Superior,5663,Unified,85.67%,97.05%,2.95%,46.36%,46.36%,85.67%,80.75%,16.62%,2.63%,,,,,,,,,
357,Suring Public,5670,Unified,86.76%,93.90%,6.10%,22.22%,50.00%,80.59%,46.35%,48.91%,4.74%,,,,,,,,,
358,Swallow,3510,Elementary,97.91%,100.00%,0.00%,0.00%,0.00%,97.91%,99.57%,0.43%,0.00%,,,,,,,,,
359,Thorp,5726,Unified,66.67%,94.35%,5.65%,9.52%,66.67%,63.08%,61.65%,35.80%,2.56%,,,,,,,,,
360,Three Lakes,5733,Unified,73.23%,91.40%,8.60%,34.38%,43.75%,73.23%,54.57%,34.95%,10.48%,,,,,,,,,
361,Tigerton,5740,Unified,0.00%,,,,,0.00%,,,,,,,,,,,,
362,Tomah Area,5747,Unified,0.00%,,,,,0.00%,,,,,,,,,,,,
363,Tomahawk,5754,Unified,83.43%,95.58%,4.42%,22.22%,71.11%,80.31%,63.74%,32.69%,3.58%,,,,,,,,,
364,Tomorrow River,126,Unified,44.45%,98.55%,1.45%,50.00%,50.00%,43.65%,83.61%,15.65%,0.74%,,,,,,,,,
365,Trevor-Wilmot Consolidated,5780,Elementary,95.56%,99.15%,0.85%,0.00%,25.00%,94.75%,88.27%,11.09%,0.64%,,,,,,,,,
366,Tri-County Area,4375,Unified,87.98%,95.05%,4.95%,40.00%,56.00%,83.28%,69.67%,27.20%,3.14%,,,,,,,,,
367,Turtle Lake,5810,Unified,70.49%,90.66%,9.34%,58.06%,32.26%,66.45%,64.86%,31.31%,3.83%,,,,,,,,,
368,Twin Lakes #4,5817,Elementary,0.00%,,,,,0.00%,,,,,,,,,,,,
369,Two Rivers Public,5824,Unified,71.92%,97.94%,2.06%,57.69%,30.77%,70.67%,85.68%,12.95%,1.37%,,,,,,,,,
370,Union Grove J1,5859,Elementary,31.75%,98.61%,1.39%,25.00%,50.00%,30.76%,92.83%,6.81%,0.36%,,,,,,,,,
371,Union Grove UHS,5852,Secondary,96.36%,99.58%,0.42%,0.00%,75.00%,95.55%,79.58%,19.47%,0.95%,,,,,,,,,
372,Unity,238,Unified,73.51%,92.62%,7.38%,53.85%,46.15%,73.51%,69.36%,25.67%,4.96%,,,,,,,,,
373,Valders Area,5866,Unified,93.92%,98.30%,1.70%,31.25%,68.75%,91.53%,71.38%,26.77%,1.85%,,,,,,,,,
374,Verona Area,5901,Unified,91.36%,98.71%,1.29%,33.33%,60.87%,91.36%,92.13%,7.05%,0.82%,,,,,,,,,
375,Viroqua Area,5985,Unified,61.90%,97.72%,2.28%,13.33%,60.00%,60.11%,82.63%,16.74%,0.63%,,,,,,,,,
376,Wabeno Area,5992,Unified,16.75%,93.75%,6.25%,0.00%,100.00%,16.75%,39.06%,53.13%,7.81%,,,,,,,,,
377,Walworth J1,6022,Elementary,96.43%,96.06%,3.94%,23.53%,52.94%,92.41%,80.68%,18.12%,1.21%,,,,,,,,,
378,Washburn,6027,Unified,0.00%,,,,,0.00%,,,,,,,,,,,,
379,Washington-Caldwell,6104,Elementary,98.94%,100.00%,0.00%,0.00%,0.00%,98.94%,80.21%,19.25%,0.53%,,,,,,,,,
380,Washington Island,6069,Unified,0.00%,,,,,0.00%,,,,,,,,,,,,
381,Waterford Graded J1,6113,Elementary,93.86%,97.70%,2.30%,21.21%,60.61%,91.64%,83.82%,14.40%,1.78%,,,,,,,,,
382,Waterford UHS,6083,Secondary,4.62%,100.00%,0.00%,0.00%,0.00%,4.62%,57.78%,42.22%,0.00%,,,,,,,,,
383,Waterloo,6118,Unified,90.35%,97.36%,2.64%,15.79%,63.16%,87.34%,74.61%,24.25%,1.15%,,,,,,,,,
384,Watertown Unified,6125,Unified,88.33%,93.66%,6.34%,28.57%,58.73%,82.79%,76.95%,19.79%,3.26%,,,,,,,,,
385,Waukesha,6174,Unified,0.01%,100.00%,0.00%,0.00%,0.00%,0.01%,100.00%,0.00%,0.00%,,,,,,,,,
386,Waunakee Community,6181,Unified,96.77%,99.08%,0.92%,40.00%,25.00%,96.77%,84.27%,14.47%,1.26%,,,,,,,,,
387,Waupaca,6195,Unified,96.55%,93.72%,6.28%,39.20%,49.60%,96.55%,73.91%,21.17%,4.93%,,,,,,,,,
388,Waupun,6216,Unified,99.14%,97.56%,2.44%,25.00%,50.00%,99.14%,77.19%,19.70%,3.11%,,,,,,,,,
389,Wausau,6223,Unified,1.50%,99.19%,0.81%,100.00%,0.00%,1.50%,70.73%,8.94%,20.33%,,,,,,,,,
390,Wausaukee,6230,Unified,77.58%,97.34%,2.66%,12.50%,87.50%,77.58%,16.94%,82.72%,0.33%,,,,,,,,,
391,Wautoma Area,6237,Unified,100.00%,94.96%,5.04%,30.88%,58.82%,100.00%,72.07%,22.81%,5.11%,,,,,,,,,
392,Wauwatosa,6244,Unified,31.79%,98.91%,1.09%,16.00%,76.00%,31.79%,91.00%,8.08%,0.92%,,,,,,,,,
393,Wauzeka-Steuben,6251,Unified,98.33%,94.92%,5.08%,50.00%,16.67%,94.58%,63.00%,33.48%,3.52%,,,,,,,,,
394,Webster,6293,Unified,80.03%,89.31%,10.69%,42.11%,52.63%,71.02%,63.42%,34.25%,2.33%,,,,,,,,,
395,West Allis-West Milwaukee,6300,Unified,92.28%,96.18%,3.82%,38.87%,47.55%,88.72%,81.25%,16.81%,1.93%,,,,,,,,,
396,West Bend,6307,Unified,78.96%,98.56%,1.44%,25.71%,45.71%,77.33%,88.45%,10.91%,0.63%,,,,,,,,,
397,West De Pere,6328,Unified,41.77%,98.60%,1.40%,38.10%,42.86%,41.77%,85.76%,11.31%,2.93%,,,,,,,,,
398,West Salem,6370,Unified,93.19%,97.91%,2.09%,25.00%,63.89%,90.97%,78.13%,20.50%,1.37%,,,,,,,,,
399,Westby Area,6321,Unified,73.63%,98.01%,1.99%,20.00%,66.67%,72.36%,81.92%,16.73%,1.35%,,,,,,,,,
400,Westfield,6335,Unified,75.51%,95.54%,4.46%,22.22%,69.44%,71.50%,76.08%,20.65%,3.27%,,,,,,,,,
401,Weston,6354,Unified,89.18%,94.98%,5.02%,8.33%,83.33%,82.84%,68.92%,31.08%,0.00%,,,,,,,,,
402,Weyauwega-Fremont,6384,Unified,94.07%,94.08%,5.92%,30.43%,43.48%,88.62%,64.21%,32.65%,3.14%,,,,,,,,,
403,Wheatland J1,6412,Elementary,0.00%,,,,,0.00%,,,,,,,,,,,,
404,White Lake,6440,Unified,0.00%,,,,,0.00%,,,,,,,,,,,,
405,Whitefish Bay,6419,Unified,43.09%,99.76%,0.24%,33.33%,66.67%,42.88%,93.12%,6.64%,0.24%,,,,,,,,,
406,Whitehall,6426,Unified,69.64%,96.22%,3.78%,47.62%,38.10%,68.76%,84.67%,10.40%,4.93%,,,,,,,,,
407,Whitewater Unified,6461,Unified,0.00%,,,,,0.00%,,,,,,,,,,,,
408,Whitnall,6470,Unified,89.06%,99.40%,0.60%,30.77%,69.23%,89.06%,92.64%,6.76%,0.60%,,,,,,,,,
409,Wild Rose,6475,Unified,29.74%,98.28%,1.72%,0.00%,33.33%,29.91%,56.57%,41.14%,2.29%,,,,,,,,,
410,Williams Bay,6482,Unified,0.00%,,,,,0.00%,,,,,,,,,,,,
411,Wilmot UHS,6545,Secondary,95.96%,98.97%,1.03%,55.56%,11.11%,94.54%,81.85%,16.99%,1.16%,,,,,,,,,
412,Winneconne Community,6608,Unified,86.13%,97.14%,2.86%,33.33%,57.78%,83.39%,72.52%,25.84%,1.64%,,,,,,,,,
413,Winter,6615,Unified,12.89%,81.82%,18.18%,50.00%,50.00%,12.89%,15.15%,69.70%,15.15%,,,,,,,,,
414,Wisconsin Dells,6678,Unified,70.56%,97.17%,2.83%,27.03%,56.76%,68.13%,79.78%,18.64%,1.59%,,,,,,,,,
415,Wisconsin Heights,469,Unified,99.20%,99.47%,0.53%,50.00%,25.00%,98.81%,77.85%,21.74%,0.40%,,,,,,,,,
416,Wisconsin Rapids,6685,Unified,89.70%,97.61%,2.39%,31.13%,52.83%,87.52%,83.43%,14.45%,2.13%,,,,,,,,,
417,Wittenberg-Birnamwood,6692,Unified,81.73%,96.68%,3.32%,16.13%,64.52%,78.06%,67.53%,30.12%,2.35%,,,,,,,,,
418,Wonewoc-Union Center,6713,Unified,95.81%,95.04%,4.96%,52.94%,23.53%,93.02%,72.07%,22.82%,5.11%,,,,,,,,,
419,Woodruff J1,6720,Elementary,0.00%,,,,,0.00%,,,,,,,,,,,,
420,Wrightstown Community,6734,Unified,5.45%,94.44%,5.56%,50.00%,25.00%,5.15%,88.24%,10.29%,1.47%,,,,,,,,,
421,Yorkville J2,6748,Elementary,78.13%,99.42%,0.58%,50.00%,50.00%,77.68%,76.54%,23.17%,0.29%,,,,,,,,,
